{"cameraMode":{"drawMode":0,"name":"Shaded","section":"Shading Mode"},"sceneLighting":false,"audioPlay":false,"sceneViewState":{"m_AlwaysRefresh":false,"showFog":true,"showSkybox":true,"showFlares":true,"showImageEffects":true,"showParticleSystems":true,"showVisualEffectGraphs":true,"m_FxEnabled":true},"in2DMode":false,"pivot":{"x":-0.00005333053195499815,"y":-149.0437469482422,"z":-447.3689880371094},"rotation":{"x":0.0021309556905180218,"y":-0.9915609955787659,"z":0.12946046888828278,"w":0.014743700623512268},"size":486.37628173828127,"orthographic":false}