{"cameraMode":{"drawMode":0,"name":"Shaded","section":"Shading Mode"},"sceneLighting":false,"audioPlay":false,"sceneViewState":{"m_AlwaysRefresh":false,"showFog":true,"showSkybox":false,"showFlares":true,"showImageEffects":true,"showParticleSystems":true,"showVisualEffectGraphs":true,"m_FxEnabled":true},"in2DMode":false,"pivot":{"x":-0.0000015130043493627455,"y":2.4060308933258058,"z":-12.692002296447754},"rotation":{"x":-0.19526106119155885,"y":-0.7375772595405579,"z":0.23985807597637177,"w":-0.6004926562309265},"size":12.918045997619629,"orthographic":false}