{"cameraMode":{"drawMode":0,"name":"Shaded","section":"Shading Mode"},"sceneLighting":false,"audioPlay":false,"sceneViewState":{"m_AlwaysRefresh":false,"showFog":true,"showSkybox":true,"showFlares":true,"showImageEffects":true,"showParticleSystems":true,"showVisualEffectGraphs":true,"m_FxEnabled":true},"in2DMode":false,"pivot":{"x":-215.62490844726563,"y":163.09536743164063,"z":2010.18310546875},"rotation":{"x":-0.034768324345350268,"y":0.04436744377017021,"z":-0.0015562206972390414,"w":-0.998421847820282},"size":1274.725341796875,"orthographic":false}