{"cameraMode":{"drawMode":0,"name":"Shaded","section":"Shading Mode"},"sceneLighting":false,"audioPlay":false,"sceneViewState":{"m_AlwaysRefresh":false,"showFog":true,"showSkybox":true,"showFlares":true,"showImageEffects":true,"showParticleSystems":true,"showVisualEffectGraphs":true,"m_FxEnabled":true},"in2DMode":false,"pivot":{"x":-491.23492431640627,"y":326.2289123535156,"z":0.7086906433105469},"rotation":{"x":-0.0916810855269432,"y":-0.0035762605257332327,"z":0.0003219198842998594,"w":-0.9957916736602783},"size":547.2078857421875,"orthographic":false}