{"cameraMode":{"drawMode":0,"name":"Shaded","section":"Shading Mode"},"sceneLighting":false,"audioPlay":false,"sceneViewState":{"m_AlwaysRefresh":false,"showFog":true,"showSkybox":true,"showFlares":true,"showImageEffects":true,"showParticleSystems":true,"showVisualEffectGraphs":true,"m_FxEnabled":true},"in2DMode":false,"pivot":{"x":1987.7994384765625,"y":214.29647827148438,"z":-59.83006286621094},"rotation":{"x":-0.020315151661634446,"y":-0.7113124132156372,"z":0.020560262724757196,"w":-0.7022984623908997},"size":1310.680419921875,"orthographic":false}