{"cameraMode":{"drawMode":0,"name":"Shaded","section":"Shading Mode"},"sceneLighting":false,"audioPlay":false,"sceneViewState":{"m_AlwaysRefresh":false,"showFog":true,"showSkybox":true,"showFlares":true,"showImageEffects":true,"showParticleSystems":true,"showVisualEffectGraphs":true,"m_FxEnabled":true},"in2DMode":false,"pivot":{"x":-0.000023572792997583747,"y":137.92184448242188,"z":-197.6429443359375},"rotation":{"x":-0.007827121764421463,"y":0.9282969832420349,"z":0.018591439351439477,"w":0.3716124892234802},"size":251.91880798339845,"orthographic":false}