{"cameraMode":{"drawMode":0,"name":"Shaded","section":"Shading Mode"},"sceneLighting":false,"audioPlay":false,"sceneViewState":{"m_AlwaysRefresh":false,"showFog":true,"showSkybox":true,"showFlares":true,"showImageEffects":true,"showParticleSystems":true,"showVisualEffectGraphs":true,"m_FxEnabled":true},"in2DMode":false,"pivot":{"x":56.900001525878909,"y":28.10000228881836,"z":47.692100524902347},"rotation":{"x":0.06436797976493836,"y":0.19593749940395356,"z":0.012888550758361817,"w":-0.9784491658210754},"size":7.088724613189697,"orthographic":false}