{"cameraMode":{"drawMode":0,"name":"Shaded","section":"Shading Mode"},"sceneLighting":false,"audioPlay":false,"sceneViewState":{"m_AlwaysRefresh":false,"showFog":true,"showSkybox":true,"showFlares":true,"showImageEffects":true,"showParticleSystems":true,"showVisualEffectGraphs":true,"m_FxEnabled":true},"in2DMode":false,"pivot":{"x":-101.42500305175781,"y":-14.699996948242188,"z":-893.3755493164063},"rotation":{"x":0.06436797976493836,"y":0.19593749940395356,"z":0.012888550758361817,"w":-0.9784491658210754},"size":141.4474639892578,"orthographic":false}