{"cameraMode":{"drawMode":0,"name":"Shaded","section":"Shading Mode"},"sceneLighting":false,"audioPlay":false,"sceneViewState":{"m_AlwaysRefresh":false,"showFog":true,"showSkybox":true,"showFlares":true,"showImageEffects":true,"showParticleSystems":true,"showVisualEffectGraphs":true,"m_FxEnabled":true},"in2DMode":false,"pivot":{"x":-0.0000016005379848138546,"y":2.738293170928955,"z":-13.426287651062012},"rotation":{"x":0.012462508864700795,"y":0.9870956540107727,"z":-0.12676775455474854,"w":0.09704215824604035},"size":13.702680587768555,"orthographic":false}