{"cameraMode":{"drawMode":0,"name":"Shaded","section":"Shading Mode"},"sceneLighting":false,"audioPlay":false,"sceneViewState":{"m_AlwaysRefresh":false,"showFog":true,"showSkybox":true,"showFlares":true,"showImageEffects":true,"showParticleSystems":true,"showVisualEffectGraphs":true,"m_FxEnabled":true},"in2DMode":false,"pivot":{"x":-513.4000244140625,"y":44.676788330078128,"z":-10.7576904296875},"rotation":{"x":0.0009083033655770123,"y":-0.6834126710891724,"z":-0.0008609323995187879,"w":-0.7300743460655212},"size":614.2672729492188,"orthographic":false}