{"cameraMode":{"drawMode":0,"name":"Shaded","section":"Shading Mode"},"sceneLighting":false,"audioPlay":false,"sceneViewState":{"m_AlwaysRefresh":false,"showFog":true,"showSkybox":false,"showFlares":true,"showImageEffects":true,"showParticleSystems":true,"showVisualEffectGraphs":true,"m_FxEnabled":true},"in2DMode":false,"pivot":{"x":-0.0000016005379848138546,"y":2.738293170928955,"z":-13.426287651062012},"rotation":{"x":-0.07027439028024674,"y":-0.8472034931182861,"z":0.11585260182619095,"w":-0.5139632821083069},"size":13.702680587768555,"orthographic":false}