{"cameraMode":{"drawMode":0,"name":"Shaded","section":"Shading Mode"},"sceneLighting":false,"audioPlay":false,"sceneViewState":{"m_AlwaysRefresh":false,"showFog":true,"showSkybox":true,"showFlares":true,"showImageEffects":true,"showParticleSystems":true,"showVisualEffectGraphs":true,"m_FxEnabled":true},"in2DMode":false,"pivot":{"x":-0.00021176216250751168,"y":-648.6077880859375,"z":-1776.3900146484375},"rotation":{"x":0.0021309556905180218,"y":-0.9915609955787659,"z":0.12946046888828278,"w":0.014743700623512268},"size":1897.204833984375,"orthographic":false}