{"cameraMode":{"drawMode":0,"name":"Shaded","section":"Shading Mode"},"sceneLighting":false,"audioPlay":false,"sceneViewState":{"m_AlwaysRefresh":false,"showFog":true,"showSkybox":true,"showFlares":true,"showImageEffects":true,"showParticleSystems":true,"showVisualEffectGraphs":true,"m_FxEnabled":true},"in2DMode":false,"pivot":{"x":-0.02966580167412758,"y":0.20934151113033296,"z":0.006984972860664129},"rotation":{"x":-0.016808928921818734,"y":0.0009093699627555907,"z":-0.000024000102712307125,"w":-0.9998688697814941},"size":0.966410219669342,"orthographic":false}