{"cameraMode":{"drawMode":0,"name":"Shaded","section":"Shading Mode"},"sceneLighting":false,"audioPlay":false,"sceneViewState":{"m_AlwaysRefresh":false,"showFog":true,"showSkybox":true,"showFlares":true,"showImageEffects":true,"showParticleSystems":true,"showVisualEffectGraphs":true,"m_FxEnabled":true},"in2DMode":false,"pivot":{"x":0.19492004811763764,"y":-1.3572310209274293,"z":2.1348657608032228},"rotation":{"x":0.08067365735769272,"y":0.0364065021276474,"z":-0.0029467171989381315,"w":0.9960690140724182},"size":3.0564193725585939,"orthographic":false}