{"cameraMode":{"drawMode":0,"name":"Shaded","section":"Shading Mode"},"sceneLighting":false,"audioPlay":false,"sceneViewState":{"m_AlwaysRefresh":false,"showFog":true,"showSkybox":true,"showFlares":true,"showImageEffects":true,"showParticleSystems":true,"showVisualEffectGraphs":true,"m_FxEnabled":true},"in2DMode":false,"pivot":{"x":0.35619381070137026,"y":-0.24182374775409699,"z":-0.10576952248811722},"rotation":{"x":0.016740726307034494,"y":0.013224571943283081,"z":-0.0002214235719293356,"w":0.9997718930244446},"size":0.39176371693611147,"orthographic":true}