{"cameraMode":{"drawMode":0,"name":"Shaded","section":"Shading Mode"},"sceneLighting":false,"audioPlay":false,"sceneViewState":{"m_AlwaysRefresh":false,"showFog":true,"showSkybox":true,"showFlares":true,"showImageEffects":true,"showParticleSystems":true,"showVisualEffectGraphs":true,"m_FxEnabled":true},"in2DMode":false,"pivot":{"x":-0.00018613517750054598,"y":-478.28790283203127,"z":-1561.415283203125},"rotation":{"x":0.0377364344894886,"y":-0.7332636117935181,"z":-0.04063183441758156,"w":-0.6777544617652893},"size":2254.600341796875,"orthographic":false}