{"cameraMode":{"drawMode":0,"name":"Shaded","section":"Shading Mode"},"sceneLighting":false,"audioPlay":false,"sceneViewState":{"m_AlwaysRefresh":false,"showFog":true,"showSkybox":true,"showFlares":true,"showImageEffects":true,"showParticleSystems":true,"showVisualEffectGraphs":true,"m_FxEnabled":true},"in2DMode":false,"pivot":{"x":-0.06293266266584397,"y":0.01637839712202549,"z":0.662498950958252},"rotation":{"x":-0.04512125626206398,"y":-0.012220147997140885,"z":0.00045590809895657003,"w":-0.9989768266677856},"size":0.6263625025749207,"orthographic":false}