{"cameraMode":{"drawMode":0,"name":"Shaded","section":"Shading Mode"},"sceneLighting":false,"audioPlay":false,"sceneViewState":{"m_AlwaysRefresh":false,"showFog":true,"showSkybox":true,"showFlares":true,"showImageEffects":true,"showParticleSystems":true,"showVisualEffectGraphs":true,"m_FxEnabled":true},"in2DMode":false,"pivot":{"x":173.50204467773438,"y":-70.19152069091797,"z":-142.24887084960938},"rotation":{"x":0.04467000439763069,"y":0.29707103967666628,"z":0.01388619001954794,"w":-0.9537873864173889},"size":40.33100891113281,"orthographic":false}