{"cameraMode":{"drawMode":0,"name":"Shaded","section":"Shading Mode"},"sceneLighting":false,"audioPlay":false,"sceneViewState":{"m_AlwaysRefresh":false,"showFog":true,"showSkybox":true,"showFlares":true,"showImageEffects":true,"showParticleSystems":true,"showVisualEffectGraphs":true,"m_FxEnabled":true},"in2DMode":false,"pivot":{"x":0.5334755182266235,"y":0.24383564293384553,"z":-0.07729922980070114},"rotation":{"x":-0.09608080238103867,"y":-0.040889471769332889,"z":0.0039429147727787498,"w":-0.9945361018180847},"size":1.499776840209961,"orthographic":false}