{"cameraMode":{"drawMode":0,"name":"Shaded","section":"Shading Mode"},"sceneLighting":false,"audioPlay":false,"sceneViewState":{"m_AlwaysRefresh":false,"showFog":true,"showSkybox":true,"showFlares":true,"showImageEffects":true,"showParticleSystems":true,"showVisualEffectGraphs":true,"m_FxEnabled":true},"in2DMode":false,"pivot":{"x":0.44532540440559389,"y":0.49333345890045168,"z":0.1401357650756836},"rotation":{"x":-0.18372280895709992,"y":0.02005952224135399,"z":-0.0037585089448839428,"w":-0.9827769994735718},"size":1.2291465997695923,"orthographic":false}