{"cameraMode":{"drawMode":0,"name":"Shaded","section":"Shading Mode"},"sceneLighting":false,"audioPlay":false,"sceneViewState":{"m_AlwaysRefresh":false,"showFog":true,"showSkybox":true,"showFlares":true,"showImageEffects":true,"showParticleSystems":true,"showVisualEffectGraphs":true,"m_FxEnabled":true},"in2DMode":false,"pivot":{"x":0.09763295948505402,"y":-0.16280369460582734,"z":-0.35986506938934328},"rotation":{"x":-0.04207795858383179,"y":-0.02161300554871559,"z":0.0009039972210302949,"w":-0.9988903403282166},"size":0.7071067690849304,"orthographic":false}