{"cameraMode":{"drawMode":0,"name":"Shaded","section":"Shading Mode"},"sceneLighting":false,"audioPlay":false,"sceneViewState":{"m_AlwaysRefresh":false,"showFog":true,"showSkybox":true,"showFlares":true,"showImageEffects":true,"showParticleSystems":true,"showVisualEffectGraphs":true,"m_FxEnabled":true},"in2DMode":false,"pivot":{"x":0.08319491893053055,"y":-0.09069639444351196,"z":0.2599410116672516},"rotation":{"x":0.06416163593530655,"y":0.05881105735898018,"z":0.0037805214524269106,"w":-0.9962077736854553},"size":1.6827685832977296,"orthographic":false}