{"cameraMode":{"drawMode":0,"name":"Shaded","section":"Shading Mode"},"sceneLighting":false,"audioPlay":false,"sceneViewState":{"m_AlwaysRefresh":false,"showFog":true,"showSkybox":true,"showFlares":true,"showImageEffects":true,"showParticleSystems":true,"showVisualEffectGraphs":true,"m_FxEnabled":true},"in2DMode":false,"pivot":{"x":1.0547338724136353,"y":-0.5194553136825562,"z":3.739870309829712},"rotation":{"x":-0.05222058668732643,"y":-0.023513030260801317,"z":0.0012209458509460092,"w":-0.9983676075935364},"size":3.1013360023498537,"orthographic":false}