{"cameraMode":{"drawMode":0,"name":"Shaded","section":"Shading Mode"},"sceneLighting":false,"audioPlay":false,"sceneViewState":{"m_AlwaysRefresh":false,"showFog":true,"showSkybox":true,"showFlares":true,"showImageEffects":true,"showParticleSystems":true,"showVisualEffectGraphs":true,"m_FxEnabled":true},"in2DMode":false,"pivot":{"x":2.5711264610290529,"y":-0.722728431224823,"z":6.036044120788574},"rotation":{"x":-0.05638653412461281,"y":-0.19477590918540955,"z":0.011209558695554734,"w":-0.9791719317436218},"size":4.097894191741943,"orthographic":false}