{"cameraMode":{"drawMode":0,"name":"Shaded","section":"Shading Mode"},"sceneLighting":false,"audioPlay":false,"sceneViewState":{"m_AlwaysRefresh":false,"showFog":true,"showSkybox":true,"showFlares":true,"showImageEffects":true,"showParticleSystems":true,"showVisualEffectGraphs":true,"m_FxEnabled":true},"in2DMode":false,"pivot":{"x":-1.8715713024139405,"y":0.18273009359836579,"z":-15.234539031982422},"rotation":{"x":0.0021309556905180218,"y":-0.9915609955787659,"z":0.12946046888828278,"w":0.014743700623512268},"size":27.10352325439453,"orthographic":false}