{"cameraMode":{"drawMode":0,"name":"Shaded","section":"Shading Mode"},"sceneLighting":false,"audioPlay":false,"sceneViewState":{"m_AlwaysRefresh":false,"showFog":true,"showSkybox":true,"showFlares":true,"showImageEffects":true,"showParticleSystems":true,"showVisualEffectGraphs":true,"m_FxEnabled":true},"in2DMode":false,"pivot":{"x":-0.0000019036900766877807,"y":2.738293170928955,"z":-15.969311714172364},"rotation":{"x":0.0021309556905180218,"y":-0.9915609955787659,"z":0.12946046888828278,"w":0.014743700623512268},"size":16.202381134033204,"orthographic":false}