{"cameraMode":{"drawMode":0,"name":"Shaded","section":"Shading Mode"},"sceneLighting":false,"audioPlay":false,"sceneViewState":{"m_AlwaysRefresh":false,"showFog":true,"showSkybox":false,"showFlares":true,"showImageEffects":true,"showParticleSystems":true,"showVisualEffectGraphs":true,"m_FxEnabled":true},"in2DMode":false,"pivot":{"x":-0.0000019036900766877807,"y":2.738293170928955,"z":-15.969311714172364},"rotation":{"x":-0.033099476248025897,"y":-0.9633713960647583,"z":0.1411699503660202,"w":-0.22566889226436616},"size":16.202381134033204,"orthographic":false}