{"cameraMode":{"drawMode":0,"name":"Shaded","section":"Shading Mode"},"sceneLighting":false,"audioPlay":false,"sceneViewState":{"m_AlwaysRefresh":false,"showFog":true,"showSkybox":true,"showFlares":true,"showImageEffects":true,"showParticleSystems":true,"showVisualEffectGraphs":true,"m_FxEnabled":true},"in2DMode":false,"pivot":{"x":-0.1914430856704712,"y":-0.022553950548171998,"z":-0.07200031727552414},"rotation":{"x":0.010057641193270684,"y":-0.8006051182746887,"z":0.5989646315574646,"w":0.013446631841361523},"size":0.32279565930366518,"orthographic":false}