{"cameraMode":{"drawMode":0,"name":"Shaded","section":"Shading Mode"},"sceneLighting":false,"audioPlay":false,"sceneViewState":{"m_AlwaysRefresh":false,"showFog":true,"showSkybox":true,"showFlares":true,"showImageEffects":true,"showParticleSystems":true,"showVisualEffectGraphs":true,"m_FxEnabled":true},"in2DMode":false,"pivot":{"x":-171.33518981933595,"y":219.07928466796876,"z":38.285850524902347},"rotation":{"x":-0.02073780819773674,"y":-0.9775600433349609,"z":0.11608359962701798,"w":-0.17462173104286195},"size":413.5772399902344,"orthographic":false}