{"cameraMode":{"drawMode":0,"name":"Shaded","section":"Shading Mode"},"sceneLighting":false,"audioPlay":false,"sceneViewState":{"m_AlwaysRefresh":false,"showFog":true,"showSkybox":true,"showFlares":true,"showImageEffects":true,"showParticleSystems":true,"showVisualEffectGraphs":true,"m_FxEnabled":true},"in2DMode":false,"pivot":{"x":-199.87765502929688,"y":243.62496948242188,"z":34.899993896484378},"rotation":{"x":-0.053780414164066318,"y":-0.7667982578277588,"z":0.06480009108781815,"w":-0.6363580822944641},"size":515.8709716796875,"orthographic":false}