{"cameraMode":{"drawMode":0,"name":"Shaded","section":"Shading Mode"},"sceneLighting":true,"audioPlay":false,"sceneViewState":{"m_AlwaysRefresh":false,"showFog":true,"showSkybox":true,"showFlares":true,"showImageEffects":true,"showParticleSystems":true,"showVisualEffectGraphs":true,"m_FxEnabled":true},"in2DMode":false,"pivot":{"x":2252.382080078125,"y":-59.032772064208987,"z":-1285.12548828125},"rotation":{"x":0.0013994235778227449,"y":-0.9820448160171509,"z":-0.005729658994823694,"w":-0.18872107565402986},"size":4.3996710777282719,"orthographic":false}