{"cameraMode":{"drawMode":0,"name":"Shaded","section":"Shading Mode"},"sceneLighting":false,"audioPlay":false,"sceneViewState":{"m_AlwaysRefresh":false,"showFog":true,"showSkybox":true,"showFlares":true,"showImageEffects":true,"showParticleSystems":true,"showVisualEffectGraphs":true,"m_FxEnabled":true},"in2DMode":false,"pivot":{"x":47.57337951660156,"y":768.8194580078125,"z":320.42120361328127},"rotation":{"x":0.005954311229288578,"y":0.9935896396636963,"z":-0.09346017986536026,"w":0.06330210715532303},"size":684.6649780273438,"orthographic":false}