{"cameraMode":{"drawMode":0,"name":"Shaded","section":"Shading Mode"},"sceneLighting":false,"audioPlay":false,"sceneViewState":{"m_AlwaysRefresh":false,"showFog":true,"showSkybox":true,"showFlares":true,"showImageEffects":true,"showParticleSystems":true,"showVisualEffectGraphs":true,"m_FxEnabled":true},"in2DMode":false,"pivot":{"x":356.8978271484375,"y":91.81814575195313,"z":-220.43495178222657},"rotation":{"x":0.2568116784095764,"y":0.042118921875953677,"z":-0.011203368194401265,"w":0.9654787182807922},"size":974.0368041992188,"orthographic":false}