{"cameraMode":{"drawMode":0,"name":"Shaded","section":"Shading Mode"},"sceneLighting":false,"audioPlay":false,"sceneViewState":{"m_AlwaysRefresh":false,"showFog":true,"showSkybox":false,"showFlares":true,"showImageEffects":true,"showParticleSystems":true,"showVisualEffectGraphs":true,"m_FxEnabled":true},"in2DMode":false,"pivot":{"x":57.19976043701172,"y":28.722288131713868,"z":47.320159912109378},"rotation":{"x":-0.219625785946846,"y":0.001975488616153598,"z":-0.0003457326674833894,"w":-0.9757251143455505},"size":5.3312883377075199,"orthographic":false}