{"cameraMode":{"drawMode":0,"name":"Shaded","section":"Shading Mode"},"sceneLighting":false,"audioPlay":false,"sceneViewState":{"m_AlwaysRefresh":false,"showFog":true,"showSkybox":true,"showFlares":true,"showImageEffects":true,"showParticleSystems":true,"showVisualEffectGraphs":true,"m_FxEnabled":true},"in2DMode":false,"pivot":{"x":-11.758401870727539,"y":-12.751871109008789,"z":-11.120100975036621},"rotation":{"x":0.08916958421468735,"y":-0.9110005497932434,"z":0.2776349186897278,"w":0.2919258177280426},"size":29.204389572143556,"orthographic":false}