{"cameraMode":{"drawMode":0,"name":"Shaded","section":"Shading Mode"},"sceneLighting":false,"audioPlay":false,"sceneViewState":{"m_AlwaysRefresh":false,"showFog":true,"showSkybox":true,"showFlares":true,"showImageEffects":true,"showParticleSystems":true,"showVisualEffectGraphs":true,"m_FxEnabled":true},"in2DMode":false,"pivot":{"x":-79.52388763427735,"y":137.6387481689453,"z":-0.0000017285346984863282},"rotation":{"x":0.0021309556905180218,"y":-0.9915609955787659,"z":0.12946046888828278,"w":0.014743700623512268},"size":179.57345581054688,"orthographic":false}