{"cameraMode":{"drawMode":0,"name":"Shaded","section":"Shading Mode"},"sceneLighting":false,"audioPlay":false,"sceneViewState":{"m_AlwaysRefresh":false,"showFog":true,"showSkybox":true,"showFlares":true,"showImageEffects":true,"showParticleSystems":true,"showVisualEffectGraphs":true,"m_FxEnabled":true},"in2DMode":false,"pivot":{"x":0.16587671637535096,"y":-0.009450772777199746,"z":0.6122013330459595},"rotation":{"x":-0.0705132856965065,"y":0.08161353319883347,"z":-0.005796011071652174,"w":-0.9941604733467102},"size":1.192696452140808,"orthographic":false}