{"cameraMode":{"drawMode":0,"name":"Shaded","section":"Shading Mode"},"sceneLighting":false,"audioPlay":false,"sceneViewState":{"m_AlwaysRefresh":false,"showFog":true,"showSkybox":true,"showFlares":true,"showImageEffects":true,"showParticleSystems":true,"showVisualEffectGraphs":true,"m_FxEnabled":true},"in2DMode":false,"pivot":{"x":-0.1431109607219696,"y":0.3196372389793396,"z":-0.010723888874053955},"rotation":{"x":-0.14399616420269013,"y":-0.2769484221935272,"z":0.042002782225608829,"w":-0.9491251111030579},"size":0.2978708744049072,"orthographic":false}