{"cameraMode":{"drawMode":0,"name":"Shaded","section":"Shading Mode"},"sceneLighting":false,"audioPlay":false,"sceneViewState":{"m_AlwaysRefresh":false,"showFog":true,"showSkybox":true,"showFlares":true,"showImageEffects":true,"showParticleSystems":true,"showVisualEffectGraphs":true,"m_FxEnabled":true},"in2DMode":false,"pivot":{"x":0.027849705889821054,"y":-0.25365370512008669,"z":-0.3704250454902649},"rotation":{"x":-0.21913005411624909,"y":0.24373024702072144,"z":-0.05665381997823715,"w":-0.9430842995643616},"size":0.00029724164051003754,"orthographic":false}