{"cameraMode":{"drawMode":0,"name":"Shaded","section":"Shading Mode"},"sceneLighting":true,"audioPlay":false,"sceneViewState":{"m_AlwaysRefresh":false,"showFog":true,"showSkybox":true,"showFlares":true,"showImageEffects":true,"showParticleSystems":true,"showVisualEffectGraphs":true,"m_FxEnabled":true},"in2DMode":false,"pivot":{"x":307.276611328125,"y":183.84190368652345,"z":127.14571380615235},"rotation":{"x":0.010057641193270684,"y":-0.8006051182746887,"z":0.5989646315574646,"w":0.013446631841361523},"size":11.8045654296875,"orthographic":false}