{"cameraMode":{"drawMode":0,"name":"Shaded","section":"Shading Mode"},"sceneLighting":false,"audioPlay":false,"sceneViewState":{"m_AlwaysRefresh":false,"showFog":true,"showSkybox":true,"showFlares":true,"showImageEffects":true,"showParticleSystems":true,"showVisualEffectGraphs":true,"m_FxEnabled":true},"in2DMode":false,"pivot":{"x":0.03112877905368805,"y":0.2790273129940033,"z":0.00005355520988814533},"rotation":{"x":-0.016808928921818734,"y":0.0009093699627555907,"z":-0.000024000102712307125,"w":-0.9998688697814941},"size":1.3547608852386475,"orthographic":false}