{"cameraMode":{"drawMode":0,"name":"Shaded","section":"Shading Mode"},"sceneLighting":false,"audioPlay":false,"sceneViewState":{"m_AlwaysRefresh":false,"showFog":true,"showSkybox":false,"showFlares":true,"showImageEffects":true,"showParticleSystems":true,"showVisualEffectGraphs":true,"m_FxEnabled":true},"in2DMode":false,"pivot":{"x":-0.0000014096110589889577,"y":2.405130386352539,"z":-11.824675559997559},"rotation":{"x":-0.19526106119155885,"y":-0.7375772595405579,"z":0.23985807597637177,"w":-0.6004926562309265},"size":12.066797256469727,"orthographic":false}