{"cameraMode":{"drawMode":0,"name":"Shaded","section":"Shading Mode"},"sceneLighting":false,"audioPlay":false,"sceneViewState":{"m_AlwaysRefresh":false,"showFog":true,"showSkybox":true,"showFlares":true,"showImageEffects":true,"showParticleSystems":true,"showVisualEffectGraphs":true,"m_FxEnabled":true},"in2DMode":false,"pivot":{"x":52.214725494384769,"y":79.23454284667969,"z":20.782861709594728},"rotation":{"x":-0.06522750109434128,"y":-0.42896947264671328,"z":0.0310655664652586,"w":-0.9004372358322144},"size":105.71117401123047,"orthographic":false}