{"cameraMode":{"drawMode":0,"name":"Shaded","section":"Shading Mode"},"sceneLighting":false,"audioPlay":false,"sceneViewState":{"m_AlwaysRefresh":false,"showFog":true,"showSkybox":true,"showFlares":true,"showImageEffects":true,"showParticleSystems":true,"showVisualEffectGraphs":true,"m_FxEnabled":true},"in2DMode":false,"pivot":{"x":1.0623962879180909,"y":0.18234063684940339,"z":-0.06308158487081528},"rotation":{"x":0.08789993077516556,"y":-0.016401030123233796,"z":0.0014266063226386905,"w":0.9960047602653503},"size":1.3202883005142213,"orthographic":false}