{"cameraMode":{"drawMode":0,"name":"Shaded","section":"Shading Mode"},"sceneLighting":false,"audioPlay":false,"sceneViewState":{"m_AlwaysRefresh":false,"showFog":true,"showSkybox":true,"showFlares":true,"showImageEffects":true,"showParticleSystems":true,"showVisualEffectGraphs":true,"m_FxEnabled":true},"in2DMode":false,"pivot":{"x":0.18487346172332765,"y":0.4357343316078186,"z":0.4259626865386963},"rotation":{"x":-0.012763605453073979,"y":-0.25062260031700137,"z":-0.003326830919831991,"w":0.9680067896842957},"size":1.3202883005142213,"orthographic":false}