{"cameraMode":{"drawMode":0,"name":"Shaded","section":"Shading Mode"},"sceneLighting":false,"audioPlay":false,"sceneViewState":{"m_AlwaysRefresh":false,"showFog":true,"showSkybox":true,"showFlares":true,"showImageEffects":true,"showParticleSystems":true,"showVisualEffectGraphs":true,"m_FxEnabled":true},"in2DMode":false,"pivot":{"x":-13.724051475524903,"y":1.3773359060287476,"z":438.9172058105469},"rotation":{"x":-0.016808928921818734,"y":0.0009093699627555907,"z":-0.000024000102712307125,"w":-0.9998688697814941},"size":309.64410400390627,"orthographic":false}