{"cameraMode":{"drawMode":0,"name":"Shaded","section":"Shading Mode"},"sceneLighting":false,"audioPlay":false,"sceneViewState":{"m_AlwaysRefresh":false,"showFog":true,"showSkybox":true,"showFlares":true,"showImageEffects":true,"showParticleSystems":true,"showVisualEffectGraphs":true,"m_FxEnabled":true},"in2DMode":false,"pivot":{"x":-0.09057270735502243,"y":-0.016160963103175165,"z":0.17057614028453828},"rotation":{"x":-0.002741118660196662,"y":0.02808973751962185,"z":-0.00008275085565401241,"w":-0.9996114373207092},"size":0.5637525320053101,"orthographic":false}