{"cameraMode":{"drawMode":0,"name":"Shaded","section":"Shading Mode"},"sceneLighting":false,"audioPlay":false,"sceneViewState":{"m_AlwaysRefresh":false,"showFog":true,"showSkybox":false,"showFlares":true,"showImageEffects":true,"showParticleSystems":true,"showVisualEffectGraphs":true,"m_FxEnabled":true},"in2DMode":false,"pivot":{"x":-0.0000016203323411900784,"y":2.984802484512329,"z":-13.592334747314454},"rotation":{"x":-0.07027439028024674,"y":-0.8472034931182861,"z":0.11585260182619095,"w":-0.5139632821083069},"size":13.916199684143067,"orthographic":false}